VOUCHER N.,EMAIL / LOJA,VALE,CODIGO
1,Drogaia Shopping,1 PONTOS,2384577384153539
2,Drogaia Shopping,1 PONTOS,4840725268898068
3,Drogaia Shopping,1 PONTOS,3763662627787498
4,Drogaia Shopping,1 PONTOS,8776484419598301
5,Drogaia Shopping,1 PONTOS,4539623096506711
6,Drogaia Shopping,1 PONTOS,2086843449839075
7,Drogaia Shopping,1 PONTOS,9050596493121374
8,Drogaia Shopping,1 PONTOS,2956242065649198
9,Drogaia Shopping,1 PONTOS,7592209099276448
10,Drogaia Shopping,1 PONTOS,3218836449592920
11,Drogaia Shopping,1 PONTOS,5881869614189475
12,Drogaia Shopping,1 PONTOS,1273545252643593
13,Drogaia Shopping,1 PONTOS,8181968821029334
14,Drogaia Shopping,1 PONTOS,7938811479295848
15,Drogaia Shopping,1 PONTOS,2705359281391311
16,Drogaia Shopping,1 PONTOS,6535684649981450
17,Drogaia Shopping,1 PONTOS,6827979662893517
18,Drogaia Shopping,1 PONTOS,4366928790528631
19,Drogaia Shopping,1 PONTOS,2316864875138226
20,Drogaia Shopping,1 PONTOS,3486438124454274
21,Drogaia Shopping,1 PONTOS,2806236738573716
22,Drogaia Shopping,1 PONTOS,7735126854525591
23,Drogaia Shopping,1 PONTOS,5936558317766894
24,Drogaia Shopping,1 PONTOS,7287589014446618
25,Drogaia Shopping,1 PONTOS,7532139842262878
26,Drogaia Shopping,1 PONTOS,5955967696636213
27,Drogaia Shopping,1 PONTOS,4944245627257014
28,Drogaia Shopping,1 PONTOS,3386537798585763
29,Drogaia Shopping,1 PONTOS,1455215016827899
30,Drogaia Shopping,1 PONTOS,5236323077818361
31,Drogaia Shopping,1 PONTOS,5217834793327165
32,Drogaia Shopping,1 PONTOS,4548362726356730
33,Drogaia Shopping,1 PONTOS,8054398451787341
34,Drogaia Shopping,1 PONTOS,2667929744604965
35,Drogaia Shopping,1 PONTOS,5775708066545357
36,Drogaia Shopping,1 PONTOS,3758688080475063
37,Drogaia Shopping,1 PONTOS,8840667659236197
38,Drogaia Shopping,1 PONTOS,1412509716134473
39,Drogaia Shopping,1 PONTOS,5839591719187373
40,Drogaia Shopping,1 PONTOS,6881171325161058
41,Drogaia Shopping,1 PONTOS,1268627442041335
42,Drogaia Shopping,1 PONTOS,7026678399788957
43,Drogaia Shopping,1 PONTOS,9251156555891006
44,Drogaia Shopping,1 PONTOS,3605831389031998
45,Drogaia Shopping,1 PONTOS,5809238675725980
46,Drogaia Shopping,1 PONTOS,9878673853457030
47,Drogaia Shopping,1 PONTOS,6167502275792060
48,Drogaia Shopping,1 PONTOS,1213975393159170
49,Drogaia Shopping,1 PONTOS,9849488536388436
50,Drogaia Shopping,1 PONTOS,9912585593567392
51,Drogaia Shopping,1 PONTOS,6049299093645436
52,Drogaia Shopping,1 PONTOS,4394343689074589
53,Drogaia Shopping,1 PONTOS,4524740286396418
54,Drogaia Shopping,1 PONTOS,9382193553151216
55,Drogaia Shopping,1 PONTOS,5428798072879869
56,Drogaia Shopping,1 PONTOS,8085722353866081
57,Drogaia Shopping,1 PONTOS,8147451830143430
58,Drogaia Shopping,1 PONTOS,4076145677555483
59,Drogaia Shopping,1 PONTOS,4991165886023377
60,Drogaia Shopping,1 PONTOS,2273887915304580
61,Drogaia Shopping,1 PONTOS,3838918038229171
62,Drogaia Shopping,1 PONTOS,2516539446847892
63,Drogaia Shopping,1 PONTOS,7914579326224825
64,Drogaia Shopping,1 PONTOS,4290257348051208
65,Drogaia Shopping,1 PONTOS,5077874326499435
66,Drogaia Shopping,1 PONTOS,9747238378206427
67,Drogaia Shopping,1 PONTOS,5737161541686111
68,Drogaia Shopping,1 PONTOS,3597408616866012
69,Drogaia Shopping,1 PONTOS,4392813756367878
70,Drogaia Shopping,1 PONTOS,9450304282206615
71,Drogaia Shopping,1 PONTOS,7667409161346228
72,Drogaia Shopping,1 PONTOS,4941487686224686
73,Drogaia Shopping,1 PONTOS,9045306723576509
74,Drogaia Shopping,1 PONTOS,5715744655629538
75,Drogaia Shopping,1 PONTOS,7781277337246129
76,Drogaia Shopping,1 PONTOS,8773541881874604
77,Drogaia Shopping,1 PONTOS,3730158636765364
78,Drogaia Shopping,1 PONTOS,6624609476846741
79,Drogaia Shopping,1 PONTOS,8831880065302012
80,Drogaia Shopping,1 PONTOS,5232445323227813
81,Drogaia Shopping,1 PONTOS,7260647912383598
82,Drogaia Shopping,1 PONTOS,4161733921506290
83,Drogaia Shopping,1 PONTOS,8100879881226713
84,Drogaia Shopping,1 PONTOS,4309193977431978
85,Drogaia Shopping,1 PONTOS,5202145330767020
86,Drogaia Shopping,1 PONTOS,8909558732338673
87,Drogaia Shopping,1 PONTOS,2018385259005639
88,Drogaia Shopping,1 PONTOS,8387670483836518
89,Drogaia Shopping,1 PONTOS,4928980289732431
90,Drogaia Shopping,1 PONTOS,2832922047107731
91,Drogaia Shopping,1 PONTOS,6845542096371356
92,Drogaia Shopping,1 PONTOS,5427444358818959
93,Drogaia Shopping,1 PONTOS,7304459441597609
94,Drogaia Shopping,1 PONTOS,1047978514243859
95,Drogaia Shopping,1 PONTOS,2464918793573494
96,Drogaia Shopping,1 PONTOS,1145744361025397
97,Drogaia Shopping,1 PONTOS,4333291599112173
98,Drogaia Shopping,1 PONTOS,5243428148215058
99,Drogaia Shopping,1 PONTOS,1653219721243639
100,Drogaia Shopping,1 PONTOS,7255652589446223
101,Drogaia Shopping,1 PONTOS,9481863258509216
102,Drogaia Shopping,1 PONTOS,4662958342457216
103,Drogaia Shopping,1 PONTOS,1993212928038309
104,Drogaia Shopping,1 PONTOS,7356482166116527
105,Drogaia Shopping,1 PONTOS,1263691826135964
106,Drogaia Shopping,1 PONTOS,6452983070712746
107,Drogaia Shopping,1 PONTOS,9314973919404558
108,Drogaia Shopping,1 PONTOS,7745777420031836
109,Drogaia Shopping,1 PONTOS,3096581124722816
110,Drogaia Shopping,1 PONTOS,5411981879352932
111,Drogaia Shopping,1 PONTOS,9400502879655519
112,Drogaia Shopping,1 PONTOS,3393306021874680
113,Drogaia Shopping,1 PONTOS,8175805731939910
114,Drogaia Shopping,1 PONTOS,7027839192418262
115,Drogaia Shopping,1 PONTOS,8573954329008225
116,Drogaia Shopping,1 PONTOS,6144541787133101
117,Drogaia Shopping,1 PONTOS,9541362833358968
118,Drogaia Shopping,1 PONTOS,8896739076751864
119,Drogaia Shopping,1 PONTOS,6647796035595205
120,Drogaia Shopping,1 PONTOS,7978690963404568
121,Drogaia Shopping,1 PONTOS,7577129456987067
122,Drogaia Shopping,1 PONTOS,4283522958874133
123,Drogaia Shopping,1 PONTOS,5620582514895351
124,Drogaia Shopping,1 PONTOS,9236587131592178
125,Drogaia Shopping,1 PONTOS,4069892419143762
126,Drogaia Shopping,1 PONTOS,2675655421092915
127,Drogaia Shopping,1 PONTOS,1664453173506179
128,Drogaia Shopping,1 PONTOS,6372330680901868
129,Drogaia Shopping,1 PONTOS,1665841882552983
130,Drogaia Shopping,1 PONTOS,3330324187334254
131,Drogaia Shopping,1 PONTOS,6618756631487028
132,Drogaia Shopping,1 PONTOS,2006471665607836
133,Drogaia Shopping,1 PONTOS,8074263055703886
134,Drogaia Shopping,1 PONTOS,8087734757302181
135,Drogaia Shopping,1 PONTOS,4744785215559329
136,Drogaia Shopping,1 PONTOS,1971482738173725
137,Drogaia Shopping,1 PONTOS,1109208846379041
138,Drogaia Shopping,1 PONTOS,1492529449956376
139,Drogaia Shopping,1 PONTOS,8106546184361268
140,Drogaia Shopping,1 PONTOS,5533770216301967
141,Drogaia Shopping,1 PONTOS,5820597917993339
142,Drogaia Shopping,1 PONTOS,9843404384639734
143,Drogaia Shopping,1 PONTOS,8088948347924816
144,Drogaia Shopping,1 PONTOS,8414687787184973
145,Drogaia Shopping,1 PONTOS,4556322352462644
146,Drogaia Shopping,1 PONTOS,5468291679124604
147,Drogaia Shopping,1 PONTOS,8909687377664791
148,Drogaia Shopping,1 PONTOS,9354759178542674
149,Drogaia Shopping,1 PONTOS,1080693449433915
150,Drogaia Shopping,1 PONTOS,2475487763682368
151,Drogaia Shopping,1 PONTOS,1756995238714511
152,Drogaia Shopping,1 PONTOS,4301922194236297
153,Drogaia Shopping,1 PONTOS,7640240013709939
154,Drogaia Shopping,1 PONTOS,6894499384361253
155,Drogaia Shopping,1 PONTOS,1033383873144085
156,Drogaia Shopping,1 PONTOS,7170423930295295
157,Drogaia Shopping,1 PONTOS,3449760722614777
158,Drogaia Shopping,1 PONTOS,6347106830063342
159,Drogaia Shopping,1 PONTOS,5037751332732501
160,Drogaia Shopping,1 PONTOS,9833562451495342
161,Drogaia Shopping,1 PONTOS,8568470431691505
162,Drogaia Shopping,1 PONTOS,3723178611524376
163,Drogaia Shopping,1 PONTOS,1166368725044676
164,Drogaia Shopping,1 PONTOS,8019193664178412
165,Drogaia Shopping,1 PONTOS,9808200499674511
166,Drogaia Shopping,1 PONTOS,6366651011629858
167,Drogaia Shopping,1 PONTOS,3038827337071574
168,Drogaia Shopping,1 PONTOS,6617265544244078
169,Drogaia Shopping,1 PONTOS,9439736975423650
170,Drogaia Shopping,1 PONTOS,2547863763503693
171,Drogaia Shopping,1 PONTOS,1279883265788972
172,Drogaia Shopping,1 PONTOS,6987715319706614
173,Drogaia Shopping,1 PONTOS,8397933673432725
174,Drogaia Shopping,1 PONTOS,4430510985312554
175,Drogaia Shopping,1 PONTOS,5997670227882977
176,Drogaia Shopping,1 PONTOS,5062880422208212
177,Drogaia Shopping,1 PONTOS,2148313661355298
178,Drogaia Shopping,1 PONTOS,1093503999527662
179,Drogaia Shopping,1 PONTOS,8145509022717347
180,Drogaia Shopping,1 PONTOS,6605138010464851
181,Drogaia Shopping,1 PONTOS,4057774686038711
182,Drogaia Shopping,1 PONTOS,4068465787283517
183,Drogaia Shopping,1 PONTOS,6790160226832099
184,Drogaia Shopping,1 PONTOS,3350160540956103
185,Drogaia Shopping,1 PONTOS,3915351284621690
186,Drogaia Shopping,1 PONTOS,8942520779139812
187,Drogaia Shopping,1 PONTOS,8938287113651529
188,Drogaia Shopping,1 PONTOS,6694688210628296
189,Drogaia Shopping,1 PONTOS,8645450015196875
190,Drogaia Shopping,1 PONTOS,4636625441509033
191,Drogaia Shopping,1 PONTOS,9071972185367835
192,Drogaia Shopping,1 PONTOS,9606336314882044
193,Drogaia Shopping,1 PONTOS,8678653870203319
194,Drogaia Shopping,1 PONTOS,5453655246135925
195,Drogaia Shopping,1 PONTOS,7472736441094113
196,Drogaia Shopping,1 PONTOS,8006834567969500
197,Drogaia Shopping,1 PONTOS,1137948786622839
198,Drogaia Shopping,1 PONTOS,7802312251423092
199,Drogaia Shopping,1 PONTOS,6057945841444362
200,Drogaia Shopping,1 PONTOS,8284197828412275
201,Drogaia Shopping,1 PONTOS,1552867186359204
202,Drogaia Shopping,1 PONTOS,1140552388288607
203,Drogaia Shopping,1 PONTOS,3732239180888080
204,Drogaia Shopping,1 PONTOS,8874299911518349
205,Drogaia Shopping,1 PONTOS,7908772699606562
206,Drogaia Shopping,1 PONTOS,3495800980925673
207,Drogaia Shopping,1 PONTOS,4927622380496443
208,Drogaia Shopping,1 PONTOS,4816974745793962
209,Drogaia Shopping,1 PONTOS,5353877924366169
210,Drogaia Shopping,1 PONTOS,4864922418033875
211,Drogaia Shopping,1 PONTOS,5821995115819776
212,Drogaia Shopping,1 PONTOS,4057659886735356
213,Drogaia Shopping,1 PONTOS,4578798453932966
214,Drogaia Shopping,1 PONTOS,1549472837741048
215,Drogaia Shopping,1 PONTOS,3288438399719905
216,Drogaia Shopping,1 PONTOS,9594514096237707
217,Drogaia Shopping,1 PONTOS,7265542830153127
218,Drogaia Shopping,1 PONTOS,1737222398007083
219,Drogaia Shopping,1 PONTOS,3070541571022388
220,Drogaia Shopping,1 PONTOS,3873454414917907
221,Drogaia Shopping,1 PONTOS,5216709654458645
222,Drogaia Shopping,1 PONTOS,9770726164115895
223,Drogaia Shopping,1 PONTOS,7664316827843738
224,Drogaia Shopping,1 PONTOS,9017226196244339
225,Drogaia Shopping,1 PONTOS,9710435098531969
226,Drogaia Shopping,1 PONTOS,5965789951305956
227,Drogaia Shopping,1 PONTOS,1012912331189859
228,Drogaia Shopping,1 PONTOS,3117185188246148
229,Drogaia Shopping,1 PONTOS,4111235896786749
230,Drogaia Shopping,1 PONTOS,5204965879563177
231,Drogaia Shopping,1 PONTOS,2102335920196124
232,Drogaia Shopping,1 PONTOS,5950544833304112
233,Drogaia Shopping,1 PONTOS,4698998278008546
234,Drogaia Shopping,1 PONTOS,5248584436388352
235,Drogaia Shopping,1 PONTOS,4059822021709937
236,Drogaia Shopping,1 PONTOS,6503879836038648
237,Drogaia Shopping,1 PONTOS,1975921786492283
238,Drogaia Shopping,1 PONTOS,2975918282153205
239,Drogaia Shopping,1 PONTOS,1262203240961930
240,Drogaia Shopping,1 PONTOS,1482466837101464
241,Drogaia Shopping,1 PONTOS,9440981598059041
242,Drogaia Shopping,1 PONTOS,4704167676545284
243,Drogaia Shopping,1 PONTOS,5993422821539909
244,Drogaia Shopping,1 PONTOS,9137445119946286
245,Drogaia Shopping,1 PONTOS,3602925467925599
246,Drogaia Shopping,1 PONTOS,3653865821021707
247,Drogaia Shopping,1 PONTOS,6676718910684590
248,Drogaia Shopping,1 PONTOS,4865314027431559
249,Drogaia Shopping,1 PONTOS,1577921299232664
250,Drogaia Shopping,1 PONTOS,3495509140073346
251,Drogaia Shopping,1 PONTOS,9383818819415592
252,Drogaia Shopping,1 PONTOS,9613397085848013
253,Drogaia Shopping,1 PONTOS,2239882285515592
254,Drogaia Shopping,1 PONTOS,8221923097967351
255,Drogaia Shopping,1 PONTOS,6508695117869781
256,Drogaia Shopping,1 PONTOS,1753352749498585
257,Drogaia Shopping,1 PONTOS,2735913546047542
258,Drogaia Shopping,1 PONTOS,5393917384361398
259,Drogaia Shopping,1 PONTOS,6481730572385469
260,Drogaia Shopping,1 PONTOS,6049420164019917
261,Drogaia Shopping,1 PONTOS,9228121185415492
262,Drogaia Shopping,1 PONTOS,5154772526899964
263,Drogaia Shopping,1 PONTOS,2571389965921040
264,Drogaia Shopping,1 PONTOS,2226793718518093
265,Drogaia Shopping,1 PONTOS,2873385834074411
266,Drogaia Shopping,1 PONTOS,8561924086363903
267,Drogaia Shopping,1 PONTOS,4582297599859517
268,Drogaia Shopping,1 PONTOS,2813372569508305
269,Drogaia Shopping,1 PONTOS,3752996392876771
270,Drogaia Shopping,1 PONTOS,8273732131938028
271,Drogaia Shopping,1 PONTOS,9689667638786926
272,Drogaia Shopping,1 PONTOS,5130984250065486
273,Drogaia Shopping,1 PONTOS,7350341859179175
274,Drogaia Shopping,1 PONTOS,9515493510032500
275,Drogaia Shopping,1 PONTOS,5175777950618613
276,Drogaia Shopping,1 PONTOS,4660416258937130
277,Drogaia Shopping,1 PONTOS,1839292399835430
278,Drogaia Shopping,1 PONTOS,7174199424918263
279,Drogaia Shopping,1 PONTOS,9920228322048088
280,Drogaia Shopping,1 PONTOS,7273492375899647
281,Drogaia Shopping,1 PONTOS,3699570965596204
282,Drogaia Shopping,1 PONTOS,3368571574849766
283,Drogaia Shopping,1 PONTOS,9614425095575075
284,Drogaia Shopping,1 PONTOS,2312216312449076
285,Drogaia Shopping,1 PONTOS,3242658076337586
286,Drogaia Shopping,1 PONTOS,3266783717829810
287,Drogaia Shopping,1 PONTOS,7503496056384112
288,Drogaia Shopping,1 PONTOS,2841205187112347
289,Drogaia Shopping,1 PONTOS,9124393749595500
290,Drogaia Shopping,1 PONTOS,3809921724938966
291,Drogaia Shopping,1 PONTOS,1003570475293070
292,Drogaia Shopping,1 PONTOS,5456812426927955
293,Drogaia Shopping,1 PONTOS,1524617469217888
294,Drogaia Shopping,1 PONTOS,3276588994018271
295,Drogaia Shopping,1 PONTOS,5375579230811120
296,Drogaia Shopping,1 PONTOS,7400503158326092
297,Drogaia Shopping,1 PONTOS,1206796169247757
298,Drogaia Shopping,1 PONTOS,1017485880453180
299,Drogaia Shopping,1 PONTOS,4371218965252948
300,Drogaia Shopping,1 PONTOS,8394857113786733
301,Drogaia Shopping,1 PONTOS,5497158388363169
302,Drogaia Shopping,1 PONTOS,7231931411224049
303,Drogaia Shopping,1 PONTOS,5320579111668194
304,Drogaia Shopping,1 PONTOS,2547884751696957
305,Drogaia Shopping,1 PONTOS,2485576993495908
306,Drogaia Shopping,1 PONTOS,9051217468349011
307,Drogaia Shopping,1 PONTOS,8846265893023003
308,Drogaia Shopping,1 PONTOS,9590554393524788
309,Drogaia Shopping,1 PONTOS,4194288924293156
310,Drogaia Shopping,1 PONTOS,3064693143764745
311,Drogaia Shopping,1 PONTOS,6034335767908275
312,Drogaia Shopping,1 PONTOS,2976128417678015
313,Drogaia Shopping,1 PONTOS,4425660468218864
314,Drogaia Shopping,1 PONTOS,6514429794903747
315,Drogaia Shopping,1 PONTOS,3642284075502042
316,Drogaia Shopping,1 PONTOS,6156986061891074
317,Drogaia Shopping,1 PONTOS,3080925877691733
318,Drogaia Shopping,1 PONTOS,3889388777493129
319,Drogaia Shopping,1 PONTOS,6888337270528788
320,Drogaia Shopping,1 PONTOS,6108433841186906
321,Drogaia Shopping,1 PONTOS,6823572655638658
322,Drogaia Shopping,1 PONTOS,8173198517685598
323,Drogaia Shopping,1 PONTOS,8843514489729283
324,Drogaia Shopping,1 PONTOS,7849647888657340
325,Drogaia Shopping,1 PONTOS,5858275848509895
326,Drogaia Shopping,1 PONTOS,2746814686812194
327,Drogaia Shopping,1 PONTOS,2292847118697834
328,Drogaia Shopping,1 PONTOS,6040398177084114
329,Drogaia Shopping,1 PONTOS,1208542439039283
330,Drogaia Shopping,1 PONTOS,1077287162805803
331,Drogaia Shopping,1 PONTOS,9008729611546059
332,Drogaia Shopping,1 PONTOS,3785891376594920
333,Drogaia Shopping,1 PONTOS,7800203851676227
334,Drogaia Shopping,1 PONTOS,4046203176314732
335,Drogaia Shopping,1 PONTOS,5857167280371110
336,Drogaia Shopping,1 PONTOS,9944965125025007
337,Drogaia Shopping,1 PONTOS,3230125613252633
338,Drogaia Shopping,1 PONTOS,2778957917896512
339,Drogaia Shopping,1 PONTOS,1852535530006213
340,Drogaia Shopping,1 PONTOS,5425485343898228
341,Drogaia Shopping,1 PONTOS,1617228170032836
342,Drogaia Shopping,1 PONTOS,1932273897662903
343,Drogaia Shopping,1 PONTOS,7737809171595637
344,Drogaia Shopping,1 PONTOS,3305973226198296
345,Drogaia Shopping,1 PONTOS,2974715597563381
346,Drogaia Shopping,1 PONTOS,6348993625498247
347,Drogaia Shopping,1 PONTOS,3853807770282983
348,Drogaia Shopping,1 PONTOS,1031128267172803
349,Drogaia Shopping,1 PONTOS,9384165742792642
350,Drogaia Shopping,1 PONTOS,2529938011464456
351,Drogaia Shopping,1 PONTOS,8727541559496096
352,Drogaia Shopping,1 PONTOS,7531184672216491
353,Drogaia Shopping,1 PONTOS,6364274475855674
354,Drogaia Shopping,1 PONTOS,1504884248978967
355,Drogaia Shopping,1 PONTOS,2617374284191131
356,Drogaia Shopping,1 PONTOS,1263583382767318
357,Drogaia Shopping,1 PONTOS,7341285632526184
358,Drogaia Shopping,1 PONTOS,9172695390506151
359,Drogaia Shopping,1 PONTOS,9274724291647410
360,Drogaia Shopping,1 PONTOS,7444561084173082
361,Drogaia Shopping,1 PONTOS,6396540946751502
362,Drogaia Shopping,1 PONTOS,9638528377468083
363,Drogaia Shopping,1 PONTOS,6432448831725866
364,Drogaia Shopping,1 PONTOS,1907399495895351
365,Drogaia Shopping,1 PONTOS,5959332664773751
366,Drogaia Shopping,1 PONTOS,1702416116305080
367,Drogaia Shopping,1 PONTOS,6083184614997137
368,Drogaia Shopping,1 PONTOS,5902271297018057
369,Drogaia Shopping,1 PONTOS,5798172711405024
370,Drogaia Shopping,1 PONTOS,1729815089138069
371,Drogaia Shopping,1 PONTOS,7034174515035703
372,Drogaia Shopping,1 PONTOS,8282182112405077
373,Drogaia Shopping,1 PONTOS,5029235646266502
374,Drogaia Shopping,1 PONTOS,4604530962414362
375,Drogaia Shopping,1 PONTOS,4220328756968852
376,Drogaia Shopping,1 PONTOS,1818280375617055
377,Drogaia Shopping,1 PONTOS,9157917726935698
378,Drogaia Shopping,1 PONTOS,2751223786425883
379,Drogaia Shopping,1 PONTOS,9461820924668512
380,Drogaia Shopping,1 PONTOS,6236172213036544
381,Drogaia Shopping,1 PONTOS,6959156348862066
382,Drogaia Shopping,1 PONTOS,1164156940758005
383,Drogaia Shopping,1 PONTOS,3094470648414290
384,Drogaia Shopping,1 PONTOS,5748149738749500
385,Drogaia Shopping,1 PONTOS,4466401598061808
386,Drogaia Shopping,1 PONTOS,2620924816354801
387,Drogaia Shopping,1 PONTOS,2142353618189627
388,Drogaia Shopping,1 PONTOS,6187521748809790
389,Drogaia Shopping,1 PONTOS,7823366489795892
390,Drogaia Shopping,1 PONTOS,9374777635297526
391,Drogaia Shopping,1 PONTOS,2607289485596427
392,Drogaia Shopping,1 PONTOS,9923617210625431
393,Drogaia Shopping,1 PONTOS,7265425430689213
394,Drogaia Shopping,1 PONTOS,4035753150423902
395,Drogaia Shopping,1 PONTOS,2661996359318441
396,Drogaia Shopping,1 PONTOS,6211493180893021
397,Drogaia Shopping,1 PONTOS,7615844384171682
398,Drogaia Shopping,1 PONTOS,8111594174757143
399,Drogaia Shopping,1 PONTOS,1474293364303038
400,Drogaia Shopping,1 PONTOS,1433762924516172
401,Drogaia Shopping,1 PONTOS,4850244793479703
402,Drogaia Shopping,1 PONTOS,8420622034012636
403,Drogaia Shopping,1 PONTOS,2978288846962283
404,Drogaia Shopping,1 PONTOS,4889580360659607
405,Drogaia Shopping,1 PONTOS,8416915541163143
406,Drogaia Shopping,1 PONTOS,9982781270227265
407,Drogaia Shopping,1 PONTOS,9167903542909855
408,Drogaia Shopping,1 PONTOS,9428652841844896
409,Drogaia Shopping,1 PONTOS,9007568386288354
410,Drogaia Shopping,1 PONTOS,5117879852491035
411,Drogaia Shopping,1 PONTOS,1078408738989167
412,Drogaia Shopping,1 PONTOS,4273828914653246
413,Drogaia Shopping,1 PONTOS,9292435456939564
414,Drogaia Shopping,1 PONTOS,2061480514069058
415,Drogaia Shopping,1 PONTOS,7623393373325461
416,Drogaia Shopping,1 PONTOS,9630597145955848
417,Drogaia Shopping,1 PONTOS,2283330488908609
418,Drogaia Shopping,1 PONTOS,3395646042512218
419,Drogaia Shopping,1 PONTOS,8062835753763665
420,Drogaia Shopping,1 PONTOS,9400888868107260
421,Drogaia Shopping,1 PONTOS,9442891376281045
422,Drogaia Shopping,1 PONTOS,3091485991189461
423,Drogaia Shopping,1 PONTOS,2091274663431561
424,Drogaia Shopping,1 PONTOS,4523263887932613
425,Drogaia Shopping,1 PONTOS,4835700620398798
426,Drogaia Shopping,1 PONTOS,4493703068408104
427,Drogaia Shopping,1 PONTOS,3299635151159971
428,Drogaia Shopping,1 PONTOS,5218752057591940
429,Drogaia Shopping,1 PONTOS,6508313057979034
430,Drogaia Shopping,1 PONTOS,3690427710657504
431,Drogaia Shopping,1 PONTOS,5852930076606639
432,Drogaia Shopping,1 PONTOS,4827930530513939
433,Drogaia Shopping,1 PONTOS,1008806242308671
434,Drogaia Shopping,1 PONTOS,5587700410814325
435,Drogaia Shopping,1 PONTOS,3033936391098015
436,Drogaia Shopping,1 PONTOS,8974424840483599
437,Drogaia Shopping,1 PONTOS,4677928834485746
438,Drogaia Shopping,1 PONTOS,5236521546212995
439,Drogaia Shopping,1 PONTOS,9490991182521401
440,Drogaia Shopping,1 PONTOS,3438161160094933
441,Drogaia Shopping,1 PONTOS,3232435968046318
442,Drogaia Shopping,1 PONTOS,3799372443203711
443,Drogaia Shopping,1 PONTOS,6888519590238756
444,Drogaia Shopping,1 PONTOS,7602649082626618
445,Drogaia Shopping,1 PONTOS,1449295414294538
446,Drogaia Shopping,1 PONTOS,1593478119572043
447,Drogaia Shopping,1 PONTOS,6661808963573329
448,Drogaia Shopping,1 PONTOS,9672568949109715
449,Drogaia Shopping,1 PONTOS,2915597864226958
450,Drogaia Shopping,1 PONTOS,5176129386477650
451,Drogaia Shopping,1 PONTOS,3180540577307412
452,Drogaia Shopping,1 PONTOS,3384455628414528
453,Drogaia Shopping,1 PONTOS,8886625757379828
454,Drogaia Shopping,1 PONTOS,7306609772611141
455,Drogaia Shopping,1 PONTOS,8004532237821391
456,Drogaia Shopping,1 PONTOS,6018550342903205
457,Drogaia Shopping,1 PONTOS,7074352979954311
458,Drogaia Shopping,1 PONTOS,5703912995107021
459,Drogaia Shopping,1 PONTOS,1316799473402435
460,Drogaia Shopping,1 PONTOS,7040218355966407
461,Drogaia Shopping,1 PONTOS,8285940127861432
462,Drogaia Shopping,1 PONTOS,3411132230295657
463,Drogaia Shopping,1 PONTOS,4962188565964996
464,Drogaia Shopping,1 PONTOS,2688668827684352
465,Drogaia Shopping,1 PONTOS,3280728523724229
466,Drogaia Shopping,1 PONTOS,9791572390106509
467,Drogaia Shopping,1 PONTOS,8327813366271113
468,Drogaia Shopping,1 PONTOS,7959610282113616
469,Drogaia Shopping,1 PONTOS,5165913825612491
470,Drogaia Shopping,1 PONTOS,4808732119993320
471,Drogaia Shopping,1 PONTOS,4973896321987258
472,Drogaia Shopping,1 PONTOS,1985135978652046
473,Drogaia Shopping,1 PONTOS,7991575918575533
474,Drogaia Shopping,1 PONTOS,4410684085704285
475,Drogaia Shopping,1 PONTOS,1629110254917145
476,Drogaia Shopping,1 PONTOS,4537698963169516
477,Drogaia Shopping,1 PONTOS,6487737934759851
478,Drogaia Shopping,1 PONTOS,7099780487915060
479,Drogaia Shopping,1 PONTOS,6136910782922025
480,Drogaia Shopping,1 PONTOS,2131915838982707
481,Drogaia Shopping,1 PONTOS,7478269257242157
482,Drogaia Shopping,1 PONTOS,8675458390991102
483,Drogaia Shopping,1 PONTOS,2810478744232709
484,Drogaia Shopping,1 PONTOS,3181122844802756
485,Drogaia Shopping,1 PONTOS,8424819741427736
486,Drogaia Shopping,1 PONTOS,8890921050082264
487,Drogaia Shopping,1 PONTOS,6623814719963256
488,Drogaia Shopping,1 PONTOS,4481728453132254
489,Drogaia Shopping,1 PONTOS,5096466125431175
490,Drogaia Shopping,1 PONTOS,4927690554731403
491,Drogaia Shopping,1 PONTOS,7490543849708082
492,Drogaia Shopping,1 PONTOS,7814588572206565
493,Drogaia Shopping,1 PONTOS,4460634092624920
494,Drogaia Shopping,1 PONTOS,1402254550239657
495,Drogaia Shopping,1 PONTOS,7181750625381355
496,Drogaia Shopping,1 PONTOS,1710501440471827
497,Drogaia Shopping,1 PONTOS,8110958045344651
498,Drogaia Shopping,1 PONTOS,1656594471968253
499,Drogaia Shopping,1 PONTOS,7692471816473080
500,Drogaia Shopping,1 PONTOS,5131627751905333
501,Drogaia Shopping,1 PONTOS,3273867099194536
502,Drogaia Shopping,1 PONTOS,5303612668838837
503,Drogaia Shopping,1 PONTOS,5533833341083810
504,Drogaia Shopping,1 PONTOS,4871362333273909
505,Drogaia Shopping,1 PONTOS,2895697040186562
506,Drogaia Shopping,1 PONTOS,1387836475859896
507,Drogaia Shopping,1 PONTOS,3919767273104741
508,Drogaia Shopping,1 PONTOS,5041852191869185
509,Drogaia Shopping,1 PONTOS,8481595322728133
510,Drogaia Shopping,1 PONTOS,6174200269291982
511,Drogaia Shopping,1 PONTOS,8453243033944288
512,Drogaia Shopping,1 PONTOS,7120112366813991
513,Drogaia Shopping,1 PONTOS,1094555127306026
514,Drogaia Shopping,1 PONTOS,2967313886734004
515,Drogaia Shopping,1 PONTOS,3324303284143749
516,Drogaia Shopping,1 PONTOS,8125299532077949
517,Drogaia Shopping,1 PONTOS,5019222163128167
518,Drogaia Shopping,1 PONTOS,7762286223863690
519,Drogaia Shopping,1 PONTOS,2609893158309118
520,Drogaia Shopping,1 PONTOS,1192332272968202
521,Drogaia Shopping,1 PONTOS,5367421656028575
522,Drogaia Shopping,1 PONTOS,7635812099332734
523,Drogaia Shopping,1 PONTOS,3960143021955299
524,Drogaia Shopping,1 PONTOS,7559507161761509
525,Drogaia Shopping,1 PONTOS,9528876839603826
526,Drogaia Shopping,1 PONTOS,5775603780483764
527,Drogaia Shopping,1 PONTOS,8484423360645388
528,Drogaia Shopping,1 PONTOS,5722942154237814
529,Drogaia Shopping,1 PONTOS,1754981139135414
530,Drogaia Shopping,1 PONTOS,9795328857535021
531,Drogaia Shopping,1 PONTOS,3536532110907717
532,Drogaia Shopping,1 PONTOS,5264547517209165
533,Drogaia Shopping,1 PONTOS,3226346821652391
534,Drogaia Shopping,1 PONTOS,1716248264295855
535,Drogaia Shopping,1 PONTOS,1099333245641511
536,Drogaia Shopping,1 PONTOS,7078471796111682
537,Drogaia Shopping,1 PONTOS,8588767564631687
538,Drogaia Shopping,1 PONTOS,1113109476141116
539,Drogaia Shopping,1 PONTOS,5251483577182958
540,Drogaia Shopping,1 PONTOS,4196658750071690
541,Drogaia Shopping,1 PONTOS,1122596379022862
542,Drogaia Shopping,1 PONTOS,8909490711182036
543,Drogaia Shopping,1 PONTOS,9627606315943650
544,Drogaia Shopping,1 PONTOS,5072420049124963
545,Drogaia Shopping,1 PONTOS,3757979573813755
546,Drogaia Shopping,1 PONTOS,2434870988161788
547,Drogaia Shopping,1 PONTOS,7211758088206395
548,Drogaia Shopping,1 PONTOS,8369443838174715
549,Drogaia Shopping,1 PONTOS,6530623237429933
550,Drogaia Shopping,1 PONTOS,2030617941934798
551,Drogaia Shopping,1 PONTOS,7460686755647055
552,Drogaia Shopping,1 PONTOS,9541295618539216
553,Drogaia Shopping,1 PONTOS,3474266088131970
554,Drogaia Shopping,1 PONTOS,6499552290339503
555,Drogaia Shopping,1 PONTOS,1758592366099318
556,Drogaia Shopping,1 PONTOS,3765203248689797
557,Drogaia Shopping,1 PONTOS,1384208936266844
558,Drogaia Shopping,1 PONTOS,3156154020156574
559,Drogaia Shopping,1 PONTOS,1351884814135427
560,Drogaia Shopping,1 PONTOS,7046335779712118
561,Drogaia Shopping,1 PONTOS,7628278999052609
562,Drogaia Shopping,1 PONTOS,3023625337631833
563,Drogaia Shopping,1 PONTOS,5829207938321736
564,Drogaia Shopping,1 PONTOS,6250961351075665
565,Drogaia Shopping,1 PONTOS,2461381046798453
566,Drogaia Shopping,1 PONTOS,9026139858117307
567,Drogaia Shopping,1 PONTOS,1994184570686372
568,Drogaia Shopping,1 PONTOS,3807468557393975
569,Drogaia Shopping,1 PONTOS,1534636012622163
570,Drogaia Shopping,1 PONTOS,8842371287176104
571,Drogaia Shopping,1 PONTOS,1177372710787083
572,Drogaia Shopping,1 PONTOS,2216364932483455
573,Drogaia Shopping,1 PONTOS,1017826911745612
574,Drogaia Shopping,1 PONTOS,7333141526602762
575,Drogaia Shopping,1 PONTOS,1084490590125931
576,Drogaia Shopping,1 PONTOS,9316317461933735
577,Drogaia Shopping,1 PONTOS,4764259395771469
578,Drogaia Shopping,1 PONTOS,7249919090562560
579,Drogaia Shopping,1 PONTOS,4507710867319882
580,Drogaia Shopping,1 PONTOS,9836354774259690
581,Drogaia Shopping,1 PONTOS,1179709918765275
582,Drogaia Shopping,1 PONTOS,8818489043702098
583,Drogaia Shopping,1 PONTOS,1847698312283036
584,Drogaia Shopping,1 PONTOS,1373498498138367
585,Drogaia Shopping,1 PONTOS,6507940633447199
586,Drogaia Shopping,1 PONTOS,5055322858961243
587,Drogaia Shopping,1 PONTOS,4810279075633421
588,Drogaia Shopping,1 PONTOS,1063542530109173
589,Drogaia Shopping,1 PONTOS,4169822866949648
590,Drogaia Shopping,1 PONTOS,3615436796566822
591,Drogaia Shopping,1 PONTOS,2603672050147132
592,Drogaia Shopping,1 PONTOS,4606981836104715
593,Drogaia Shopping,1 PONTOS,6406200413357032
594,Drogaia Shopping,1 PONTOS,1448721631099296
595,Drogaia Shopping,1 PONTOS,5669640495968799
596,Drogaia Shopping,1 PONTOS,6065824475169618
597,Drogaia Shopping,1 PONTOS,7424515719794531
598,Drogaia Shopping,1 PONTOS,1393214012284365
599,Drogaia Shopping,1 PONTOS,1915324389913978
600,Drogaia Shopping,1 PONTOS,9614474837201558
601,Drogaia Shopping,1 PONTOS,9635660421787853
602,Drogaia Shopping,1 PONTOS,8811395451796413
603,Drogaia Shopping,1 PONTOS,9390326036548134
604,Drogaia Shopping,1 PONTOS,1794171230019308
605,Drogaia Shopping,1 PONTOS,5052538912512649
606,Drogaia Shopping,1 PONTOS,7094177637786755
607,Drogaia Shopping,1 PONTOS,6457273690685241
608,Drogaia Shopping,1 PONTOS,2645832479178891
609,Drogaia Shopping,1 PONTOS,8114810871054501
610,Drogaia Shopping,1 PONTOS,2496854326355009
611,Drogaia Shopping,1 PONTOS,3723448296649908
612,Drogaia Shopping,1 PONTOS,3234243897566483
613,Drogaia Shopping,1 PONTOS,1094553176436831
614,Drogaia Shopping,1 PONTOS,2198827959172246
615,Drogaia Shopping,1 PONTOS,7212876676164673
616,Drogaia Shopping,1 PONTOS,9745617176736337
617,Drogaia Shopping,1 PONTOS,6783820966646834
618,Drogaia Shopping,1 PONTOS,2013624166547473
619,Drogaia Shopping,1 PONTOS,8108829552155590
620,Drogaia Shopping,1 PONTOS,7350598160773857
621,Drogaia Shopping,1 PONTOS,2496735573363331
622,Drogaia Shopping,1 PONTOS,6874909268889953
623,Drogaia Shopping,1 PONTOS,7489649139889680
624,Drogaia Shopping,1 PONTOS,3066506045197006
625,Drogaia Shopping,1 PONTOS,6407923741346112
626,Drogaia Shopping,1 PONTOS,1667108156697311
627,Drogaia Shopping,1 PONTOS,3998593614437412
628,Drogaia Shopping,1 PONTOS,2363169233277260
629,Drogaia Shopping,1 PONTOS,8022814213068749
630,Drogaia Shopping,1 PONTOS,8007602060139612
631,Drogaia Shopping,1 PONTOS,6806203777033554
632,Drogaia Shopping,1 PONTOS,7220546745075080
633,Drogaia Shopping,1 PONTOS,5013169698225848
634,Drogaia Shopping,1 PONTOS,4948106926728313
635,Drogaia Shopping,1 PONTOS,4828347454697740
636,Drogaia Shopping,1 PONTOS,4475668641458907
637,Drogaia Shopping,1 PONTOS,7279362940629395
638,Drogaia Shopping,1 PONTOS,6542874362305258
639,Drogaia Shopping,1 PONTOS,1542956116402011
640,Drogaia Shopping,1 PONTOS,4863142685841998
641,Drogaia Shopping,1 PONTOS,2362184878167754
642,Drogaia Shopping,1 PONTOS,6440103550625752
643,Drogaia Shopping,1 PONTOS,4482926055487176
644,Drogaia Shopping,1 PONTOS,2303915153638842
645,Drogaia Shopping,1 PONTOS,5546544834495778
646,Drogaia Shopping,1 PONTOS,5879611094335261
647,Drogaia Shopping,1 PONTOS,7545375558027039
648,Drogaia Shopping,1 PONTOS,9865496780556233
649,Drogaia Shopping,1 PONTOS,6167173790324094
650,Drogaia Shopping,1 PONTOS,3523414611506091
651,Drogaia Shopping,1 PONTOS,2599153582463632
652,Drogaia Shopping,1 PONTOS,9536239575767205
653,Drogaia Shopping,1 PONTOS,6245281339284195
654,Drogaia Shopping,1 PONTOS,2595966041867468
655,Drogaia Shopping,1 PONTOS,2356104826117404
656,Drogaia Shopping,1 PONTOS,1231278557255924
657,Drogaia Shopping,1 PONTOS,6604562612221156
658,Drogaia Shopping,1 PONTOS,8457291534185161
659,Drogaia Shopping,1 PONTOS,8846396138897666
660,Drogaia Shopping,1 PONTOS,8326556341172267
661,Drogaia Shopping,1 PONTOS,4885493632313517
662,Drogaia Shopping,1 PONTOS,4455224362951306
663,Drogaia Shopping,1 PONTOS,1091121922234485
664,Drogaia Shopping,1 PONTOS,9880917317084636
665,Drogaia Shopping,1 PONTOS,8473861418878517
666,Drogaia Shopping,1 PONTOS,4474176527242517
667,Drogaia Shopping,1 PONTOS,9437805896494713
668,Drogaia Shopping,1 PONTOS,4689523663783909
669,Drogaia Shopping,1 PONTOS,3479508916505073
670,Drogaia Shopping,1 PONTOS,2261748459115087
671,Drogaia Shopping,1 PONTOS,8991215685528218
672,Drogaia Shopping,1 PONTOS,5331620820325593
673,Drogaia Shopping,1 PONTOS,6632374871825897
674,Drogaia Shopping,1 PONTOS,6731633124446422
675,Drogaia Shopping,1 PONTOS,3072525486772585
676,Drogaia Shopping,1 PONTOS,3874621460588783
677,Drogaia Shopping,1 PONTOS,1334396737815990
678,Drogaia Shopping,1 PONTOS,4780983456528570
679,Drogaia Shopping,1 PONTOS,6329572647195021
680,Drogaia Shopping,1 PONTOS,7642135094308427
681,Drogaia Shopping,1 PONTOS,3828674756347543
682,Drogaia Shopping,1 PONTOS,4473780094117862
683,Drogaia Shopping,1 PONTOS,3859490593961728
684,Drogaia Shopping,1 PONTOS,2816644996062614
685,Drogaia Shopping,1 PONTOS,9684966230294679
686,Drogaia Shopping,1 PONTOS,4023226563029780
687,Drogaia Shopping,1 PONTOS,9167249693353643
688,Drogaia Shopping,1 PONTOS,3614227655419228
689,Drogaia Shopping,1 PONTOS,6405806040021970
690,Drogaia Shopping,1 PONTOS,1661731384364110
691,Drogaia Shopping,1 PONTOS,2294275441794746
692,Drogaia Shopping,1 PONTOS,4727443097511141
693,Drogaia Shopping,1 PONTOS,6672831987696020
694,Drogaia Shopping,1 PONTOS,8926458876271217
695,Drogaia Shopping,1 PONTOS,1474808440259602
696,Drogaia Shopping,1 PONTOS,5428995873798564
697,Drogaia Shopping,1 PONTOS,7094778051058528
698,Drogaia Shopping,1 PONTOS,7431222621251239
699,Drogaia Shopping,1 PONTOS,4640430642264675
700,Drogaia Shopping,1 PONTOS,7635352727922042
701,Drogaia Shopping,1 PONTOS,4994908950183784
702,Drogaia Shopping,1 PONTOS,1961675918232532
703,Drogaia Shopping,1 PONTOS,4951569559254883
704,Drogaia Shopping,1 PONTOS,6913412277601077
705,Drogaia Shopping,1 PONTOS,5799226686102321
706,Drogaia Shopping,1 PONTOS,7896800279382506
707,Drogaia Shopping,1 PONTOS,2091622778254123
708,Drogaia Shopping,1 PONTOS,6998480888232915
709,Drogaia Shopping,1 PONTOS,9537179644111679
710,Drogaia Shopping,1 PONTOS,1949432336849698
711,Drogaia Shopping,1 PONTOS,9243585127833143
712,Drogaia Shopping,1 PONTOS,1459782327197915
713,Drogaia Shopping,1 PONTOS,8239320479922616
714,Drogaia Shopping,1 PONTOS,9076604741387194
715,Drogaia Shopping,1 PONTOS,2030189631088242
716,Drogaia Shopping,1 PONTOS,9856559736436182
717,Drogaia Shopping,1 PONTOS,6659693065234842
718,Drogaia Shopping,1 PONTOS,6963129741746955
719,Drogaia Shopping,1 PONTOS,6892101066849893
720,Drogaia Shopping,1 PONTOS,4070471518971085
721,Drogaia Shopping,1 PONTOS,8224385134645696
722,Drogaia Shopping,1 PONTOS,3839733361167815
723,Drogaia Shopping,1 PONTOS,1232919039019307
724,Drogaia Shopping,1 PONTOS,1398565854761906
725,Drogaia Shopping,1 PONTOS,3972995496588772
726,Drogaia Shopping,1 PONTOS,6303918795484132
727,Drogaia Shopping,1 PONTOS,4420659376618572
728,Drogaia Shopping,1 PONTOS,4917940665955096
729,Drogaia Shopping,1 PONTOS,5285910950546783
730,Drogaia Shopping,1 PONTOS,8957175015224486
731,Drogaia Shopping,1 PONTOS,3538518454951775
732,Drogaia Shopping,1 PONTOS,2583350117124742
733,Drogaia Shopping,1 PONTOS,7482456342042356
734,Drogaia Shopping,1 PONTOS,8889349874857340
735,Drogaia Shopping,1 PONTOS,3680172021203103
736,Drogaia Shopping,1 PONTOS,7022559482201113
737,Drogaia Shopping,1 PONTOS,9282174759852137
738,Drogaia Shopping,1 PONTOS,7537760847866317
739,Drogaia Shopping,1 PONTOS,7505243861612626
740,Drogaia Shopping,1 PONTOS,3460257644336839
741,Drogaia Shopping,1 PONTOS,4438168659224884
742,Drogaia Shopping,1 PONTOS,4398605066637972
743,Drogaia Shopping,1 PONTOS,6478343340674994
744,Drogaia Shopping,1 PONTOS,4508408266148936
745,Drogaia Shopping,1 PONTOS,9324649472882654
746,Drogaia Shopping,1 PONTOS,5448429932732861
747,Drogaia Shopping,1 PONTOS,8407883649589623
748,Drogaia Shopping,1 PONTOS,3616489494994734
749,Drogaia Shopping,1 PONTOS,4403900015656555
750,Drogaia Shopping,1 PONTOS,1428430619573745
751,Drogaia Shopping,1 PONTOS,8581870395969146
752,Drogaia Shopping,1 PONTOS,4477318122654530
753,Drogaia Shopping,1 PONTOS,3916564145001396
754,Drogaia Shopping,1 PONTOS,1379159481713422
755,Drogaia Shopping,1 PONTOS,6086729727133742
756,Drogaia Shopping,1 PONTOS,6122836715089827
757,Drogaia Shopping,1 PONTOS,9069626014715217
758,Drogaia Shopping,1 PONTOS,1296523365218123
759,Drogaia Shopping,1 PONTOS,1316701959027340
760,Drogaia Shopping,1 PONTOS,5623739378694352
761,Drogaia Shopping,1 PONTOS,4402262929442947
762,Drogaia Shopping,1 PONTOS,1076509387564203
763,Drogaia Shopping,1 PONTOS,4623251966758818
764,Drogaia Shopping,1 PONTOS,8160682523856951
765,Drogaia Shopping,1 PONTOS,3111282981875949
766,Drogaia Shopping,1 PONTOS,1141806128994836
767,Drogaia Shopping,1 PONTOS,1311138343941493
768,Drogaia Shopping,1 PONTOS,6792899476478417
769,Drogaia Shopping,1 PONTOS,6659977858725413
770,Drogaia Shopping,1 PONTOS,1003317280377716
771,Drogaia Shopping,1 PONTOS,5902713329612593
772,Drogaia Shopping,1 PONTOS,2692919537523585
773,Drogaia Shopping,1 PONTOS,3679843254137297
774,Drogaia Shopping,1 PONTOS,7046927611364373
775,Drogaia Shopping,1 PONTOS,6663929561247716
776,Drogaia Shopping,1 PONTOS,9347227997472697
777,Drogaia Shopping,1 PONTOS,6795881850266822
778,Drogaia Shopping,1 PONTOS,1599454212449757
779,Drogaia Shopping,1 PONTOS,2829474957714345
780,Drogaia Shopping,1 PONTOS,4762938891262421
781,Drogaia Shopping,1 PONTOS,8784176643429633
782,Drogaia Shopping,1 PONTOS,9290933623479587
783,Drogaia Shopping,1 PONTOS,9377798110557121
784,Drogaia Shopping,1 PONTOS,4776952973534125
785,Drogaia Shopping,1 PONTOS,5420641545969122
786,Drogaia Shopping,1 PONTOS,4728636470624468
787,Drogaia Shopping,1 PONTOS,3980260637826073
788,Drogaia Shopping,1 PONTOS,6506209882034382
789,Drogaia Shopping,1 PONTOS,5649610723026361
790,Drogaia Shopping,1 PONTOS,9735727734236786
791,Drogaia Shopping,1 PONTOS,8058937719739382
792,Drogaia Shopping,1 PONTOS,7516501383991940
793,Drogaia Shopping,1 PONTOS,4675896118618643
794,Drogaia Shopping,1 PONTOS,7235788064488749
795,Drogaia Shopping,1 PONTOS,2639858841896940
796,Drogaia Shopping,1 PONTOS,4610308147534377
797,Drogaia Shopping,1 PONTOS,3428451094891708
798,Drogaia Shopping,1 PONTOS,2700843689539080
799,Drogaia Shopping,1 PONTOS,8953666573841153
800,Drogaia Shopping,1 PONTOS,7176907957174666
801,Drogaia Shopping,1 PONTOS,1952344362568525
802,Drogaia Shopping,1 PONTOS,8073285898168597
803,Drogaia Shopping,1 PONTOS,5149886961086867
804,Drogaia Shopping,1 PONTOS,5164294492673461
805,Drogaia Shopping,1 PONTOS,9552796267055189
806,Drogaia Shopping,1 PONTOS,8644682187951488
807,Drogaia Shopping,1 PONTOS,4824589269909708
808,Drogaia Shopping,1 PONTOS,8540372211313951
809,Drogaia Shopping,1 PONTOS,5289156648289736
810,Drogaia Shopping,1 PONTOS,7025573569928087
811,Drogaia Shopping,1 PONTOS,3094605424826633
812,Drogaia Shopping,1 PONTOS,7401780533016634
813,Drogaia Shopping,1 PONTOS,6517419632893092
814,Drogaia Shopping,1 PONTOS,5201640537342989
815,Drogaia Shopping,1 PONTOS,7168148235061455
816,Drogaia Shopping,1 PONTOS,3590991040103623
817,Drogaia Shopping,1 PONTOS,1865127643238323
818,Drogaia Shopping,1 PONTOS,3043311766403815
819,Drogaia Shopping,1 PONTOS,3168918556774159
820,Drogaia Shopping,1 PONTOS,6916310938668440
821,Drogaia Shopping,1 PONTOS,1865843097421783
822,Drogaia Shopping,1 PONTOS,2234701360789949
823,Drogaia Shopping,1 PONTOS,2941252855978281
824,Drogaia Shopping,1 PONTOS,8643477059008422
825,Drogaia Shopping,1 PONTOS,2781339051198977
826,Drogaia Shopping,1 PONTOS,7591991745648367
827,Drogaia Shopping,1 PONTOS,2023898766304028
828,Drogaia Shopping,1 PONTOS,2546683044656016
829,Drogaia Shopping,1 PONTOS,9563176356881485
830,Drogaia Shopping,1 PONTOS,5077631591347855
831,Drogaia Shopping,1 PONTOS,7097483362386448
832,Drogaia Shopping,1 PONTOS,8903422489905728
833,Drogaia Shopping,1 PONTOS,1930444481463847
834,Drogaia Shopping,1 PONTOS,1153690029434909
835,Drogaia Shopping,1 PONTOS,6692223036708618
836,Drogaia Shopping,1 PONTOS,7863729839744404
837,Drogaia Shopping,1 PONTOS,8561207968107380
838,Drogaia Shopping,1 PONTOS,1371989628814344
839,Drogaia Shopping,1 PONTOS,4790419715812104
840,Drogaia Shopping,1 PONTOS,8508202660675930
841,Drogaia Shopping,1 PONTOS,1661719961177676
842,Drogaia Shopping,1 PONTOS,1811838275769748
843,Drogaia Shopping,1 PONTOS,4882555317405023
844,Drogaia Shopping,1 PONTOS,9023792956076956
845,Drogaia Shopping,1 PONTOS,3892111315097356
846,Drogaia Shopping,1 PONTOS,7661343298578130
847,Drogaia Shopping,1 PONTOS,5719778199757072
848,Drogaia Shopping,1 PONTOS,2463861377341708
849,Drogaia Shopping,1 PONTOS,9132503553383290
850,Drogaia Shopping,1 PONTOS,8212381454079258
851,Drogaia Shopping,1 PONTOS,8329151132904364
852,Drogaia Shopping,1 PONTOS,3290959069706770
853,Drogaia Shopping,1 PONTOS,2988136816745726
854,Drogaia Shopping,1 PONTOS,6942668873416741
855,Drogaia Shopping,1 PONTOS,5823780976887519
856,Drogaia Shopping,1 PONTOS,6748267594004093
857,Drogaia Shopping,1 PONTOS,2164822337583396
858,Drogaia Shopping,1 PONTOS,7050936174941389
859,Drogaia Shopping,1 PONTOS,3501960170988599
860,Drogaia Shopping,1 PONTOS,9584684033461796
861,Drogaia Shopping,1 PONTOS,8468573079021938
862,Drogaia Shopping,1 PONTOS,4559357737797404
863,Drogaia Shopping,1 PONTOS,4446391843592516
864,Drogaia Shopping,1 PONTOS,2979745897061527
865,Drogaia Shopping,1 PONTOS,3009546056901233
866,Drogaia Shopping,1 PONTOS,5515593281418847
867,Drogaia Shopping,1 PONTOS,8302277585277548
868,Drogaia Shopping,1 PONTOS,5672381339461395
869,Drogaia Shopping,1 PONTOS,1233532348853857
870,Drogaia Shopping,1 PONTOS,5447440276565994
871,Drogaia Shopping,1 PONTOS,7262520913646293
872,Drogaia Shopping,1 PONTOS,6146223950962031
873,Drogaia Shopping,1 PONTOS,7226359624431542
874,Drogaia Shopping,1 PONTOS,4991789370025614
875,Drogaia Shopping,1 PONTOS,9062280855789302
876,Drogaia Shopping,1 PONTOS,7434551542005398
877,Drogaia Shopping,1 PONTOS,3756934786932783
878,Drogaia Shopping,1 PONTOS,7481684755737949
879,Drogaia Shopping,1 PONTOS,2618208532447111
880,Drogaia Shopping,1 PONTOS,9916867748642691
881,Drogaia Shopping,1 PONTOS,8143398281335159
882,Drogaia Shopping,1 PONTOS,9592131081477882
883,Drogaia Shopping,1 PONTOS,5381809657944369
884,Drogaia Shopping,1 PONTOS,7203490820355806
885,Drogaia Shopping,1 PONTOS,8188245563131025
886,Drogaia Shopping,1 PONTOS,4537476054188529
887,Drogaia Shopping,1 PONTOS,3388152764411298
888,Drogaia Shopping,1 PONTOS,7349517234867103
889,Drogaia Shopping,1 PONTOS,6747970656781139
890,Drogaia Shopping,1 PONTOS,8932420864178603
891,Drogaia Shopping,1 PONTOS,4506333214059721
892,Drogaia Shopping,1 PONTOS,6334727296143641
893,Drogaia Shopping,1 PONTOS,9954913122447898
894,Drogaia Shopping,1 PONTOS,2116349527099151
895,Drogaia Shopping,1 PONTOS,4184625462843783
896,Drogaia Shopping,1 PONTOS,1941248328468277
897,Drogaia Shopping,1 PONTOS,9097792316473815
898,Drogaia Shopping,1 PONTOS,7184631828448048
899,Drogaia Shopping,1 PONTOS,4957851755915791
900,Drogaia Shopping,1 PONTOS,5197561331237934
901,Drogaia Shopping,1 PONTOS,8157548737276043
902,Drogaia Shopping,1 PONTOS,8446702935159177
903,Drogaia Shopping,1 PONTOS,4690442461381786
904,Drogaia Shopping,1 PONTOS,9356732243393493
905,Drogaia Shopping,1 PONTOS,2159562534734394
906,Drogaia Shopping,1 PONTOS,4718144392629007
907,Drogaia Shopping,1 PONTOS,2434992912454633
908,Drogaia Shopping,1 PONTOS,8832421990416835
909,Drogaia Shopping,1 PONTOS,7212199289592046
910,Drogaia Shopping,1 PONTOS,2923356030406835
911,Drogaia Shopping,1 PONTOS,3690203380905182
912,Drogaia Shopping,1 PONTOS,2730905478099335
913,Drogaia Shopping,1 PONTOS,5966992030529772
914,Drogaia Shopping,1 PONTOS,6479482650324108
915,Drogaia Shopping,1 PONTOS,2237626456488932
916,Drogaia Shopping,1 PONTOS,8005685349029398
917,Drogaia Shopping,1 PONTOS,8302424671655186
918,Drogaia Shopping,1 PONTOS,4802393636817246
919,Drogaia Shopping,1 PONTOS,7547644962062094
920,Drogaia Shopping,1 PONTOS,3360252833565884
921,Drogaia Shopping,1 PONTOS,7552869646645830
922,Drogaia Shopping,1 PONTOS,7933745060924577
923,Drogaia Shopping,1 PONTOS,1341548876649892
924,Drogaia Shopping,1 PONTOS,3448978044929924
925,Drogaia Shopping,1 PONTOS,5428908343758598
926,Drogaia Shopping,1 PONTOS,2708694762274825
927,Drogaia Shopping,1 PONTOS,8956604421472730
928,Drogaia Shopping,1 PONTOS,2711303687079240
929,Drogaia Shopping,1 PONTOS,4977876338514633
930,Drogaia Shopping,1 PONTOS,4495198584179396
931,Drogaia Shopping,1 PONTOS,6624267780934172
932,Drogaia Shopping,1 PONTOS,9838285446763305
933,Drogaia Shopping,1 PONTOS,8171302354209718
934,Drogaia Shopping,1 PONTOS,8686748090125392
935,Drogaia Shopping,1 PONTOS,2137582419835141
936,Drogaia Shopping,1 PONTOS,7530948819348793
937,Drogaia Shopping,1 PONTOS,5291131367364993
938,Drogaia Shopping,1 PONTOS,3743951964294166
939,Drogaia Shopping,1 PONTOS,2562714560925000
940,Drogaia Shopping,1 PONTOS,7074251015063754
941,Drogaia Shopping,1 PONTOS,5074763059134460
942,Drogaia Shopping,1 PONTOS,2020675320419010
943,Drogaia Shopping,1 PONTOS,6510465559342269
944,Drogaia Shopping,1 PONTOS,2170508424414488
945,Drogaia Shopping,1 PONTOS,3415189146475788
946,Drogaia Shopping,1 PONTOS,5328636312328854
947,Drogaia Shopping,1 PONTOS,1778912765304685
948,Drogaia Shopping,1 PONTOS,6780328913391914
949,Drogaia Shopping,1 PONTOS,2797722061229543
950,Drogaia Shopping,1 PONTOS,8677374973241451
951,Drogaia Shopping,1 PONTOS,9377241178194786
952,Drogaia Shopping,1 PONTOS,8680872947154865
953,Drogaia Shopping,1 PONTOS,5355203455796337
954,Drogaia Shopping,1 PONTOS,1995909635093077
955,Drogaia Shopping,1 PONTOS,4570338718536375
956,Drogaia Shopping,1 PONTOS,8031264834097492
957,Drogaia Shopping,1 PONTOS,5614454812706552
958,Drogaia Shopping,1 PONTOS,7924652641115701
959,Drogaia Shopping,1 PONTOS,9053758553064553
960,Drogaia Shopping,1 PONTOS,7589218698005125
961,Drogaia Shopping,1 PONTOS,7473214668987765
962,Drogaia Shopping,1 PONTOS,2848572013534860
963,Drogaia Shopping,1 PONTOS,4850235216062032
964,Drogaia Shopping,1 PONTOS,4772341581026261
965,Drogaia Shopping,1 PONTOS,1641823645733508
966,Drogaia Shopping,1 PONTOS,2986316576974658
967,Drogaia Shopping,1 PONTOS,6919489779335887
968,Drogaia Shopping,1 PONTOS,4554796399604891
969,Drogaia Shopping,1 PONTOS,1170962227581708
970,Drogaia Shopping,1 PONTOS,8896316151943753
971,Drogaia Shopping,1 PONTOS,7006906169181923
972,Drogaia Shopping,1 PONTOS,9539132476552537
973,Drogaia Shopping,1 PONTOS,9554948097846458
974,Drogaia Shopping,1 PONTOS,8026178877217982
975,Drogaia Shopping,1 PONTOS,7587762098804596
976,Drogaia Shopping,1 PONTOS,7390612859126090
977,Drogaia Shopping,1 PONTOS,6661535968906336
978,Drogaia Shopping,1 PONTOS,2660958945347392
979,Drogaia Shopping,1 PONTOS,6984668075295655
980,Drogaia Shopping,1 PONTOS,5524179532596246
981,Drogaia Shopping,1 PONTOS,9961444810698581
982,Drogaia Shopping,1 PONTOS,2743781477869331
983,Drogaia Shopping,1 PONTOS,8433121523376169
984,Drogaia Shopping,1 PONTOS,5070317436392967
985,Drogaia Shopping,1 PONTOS,3332248032721549
986,Drogaia Shopping,1 PONTOS,7140977092542397
987,Drogaia Shopping,1 PONTOS,7466766871034591
988,Drogaia Shopping,1 PONTOS,5886500962325010
989,Drogaia Shopping,1 PONTOS,6958375863136020
990,Drogaia Shopping,1 PONTOS,8866474057467567
991,Drogaia Shopping,1 PONTOS,7556894765524496
992,Drogaia Shopping,1 PONTOS,2667235635235706
993,Drogaia Shopping,1 PONTOS,9501690696883517
994,Drogaia Shopping,1 PONTOS,6365357848931055
995,Drogaia Shopping,1 PONTOS,4479839676917425
996,Drogaia Shopping,1 PONTOS,7217599467599748
997,Drogaia Shopping,1 PONTOS,9880621696672791
998,Drogaia Shopping,1 PONTOS,5484934234789043
999,Drogaia Shopping,1 PONTOS,4627358029506641
1000,Drogaia Shopping,1 PONTOS,1329406150422848
